Designator,Mid X,Mid Y,Rotation,Layer
@HOLE0_4,103.131574,-38.9186,180.0,top
@HOLE0_3,103.131574,-51.9186,180.0,top
@HOLE0_2,65.432282,-45.9186,0.0,top
@HOLE0,65.432282,-32.9186,0.0,top
IC2_4,101.631928,-33.8186,0.0,bottom
IC2_3,66.931928,-51.0186,180.0,bottom
IC2_2,66.931928,-38.0186,180.0,bottom
IC2,101.631928,-46.8186,0.0,bottom
MOUSE-BITE-2MM-SLOT_10,61.981928,-37.4186,90.0,top
MOUSE-BITE-2MM-SLOT_9,61.981928,-50.4186,90.0,top
MOUSE-BITE-2MM-SLOT_8,106.581928,-47.4186,270.0,top
MOUSE-BITE-2MM-SLOT_7,99.581928,-42.4186,180.0,top
MOUSE-BITE-2MM-SLOT_6,99.581928,-29.4186,180.0,top
MOUSE-BITE-2MM-SLOT_5,68.981928,-29.4186,0.0,top
MOUSE-BITE-2MM-SLOT_4,68.981928,-42.4186,0.0,top
MOUSE-BITE-2MM-SLOT_3,68.981928,-55.4186,0.0,top
MOUSE-BITE-2MM-SLOT_2,99.581928,-55.4186,180.0,top
MOUSE-BITE-2MM-SLOT,106.581928,-34.4186,270.0,top
U1_4,88.831929,-49.5686,270.0,top
U1_3,79.731927,-48.2686,90.0,top
U1_2,79.731927,-35.2686,90.0,top
U1,88.831929,-36.5686,270.0,top
